Reference,Medical terms,Hypothesis
"Buenos días, adelante. Tome asiento. Cuénteme, ¿qué le trae hoy a la consulta?
Doctor, he estado con una cefalea muy severa y una astenia generalizada desde hace varias semanas. También noto parestesias en las manos.
Entiendo. Respecto a la cefalea, ¿podría caracterizarla mejor? ¿Es hemicraneal o más bien holocraneal? ¿Tiene un carácter pulsátil, opresivo, o terebrante? ¿Se localiza en la región retro-orbitaria, frontal, o temporoparietal?
Empieza frontal, pero se extiende a ser holocraneal. Es más opresiva que pulsátil. A veces siento como si tuviera una banda muy apretada alrededor de la cabeza.
¿Se asocia a fotofobia, fonofobia, náuseas o vómitos? ¿Ha notado algún desencadenante como ciertos alimentos, olores, cambios de tiempo?
Sí, la luz brillante me molesta mucho, tengo fotofobia. Y a veces siento náuseas, aunque no he llegado a vomitar. No identifico desencadenantes claros.
Mencionó parestesias. ¿Son simétricas? ¿Predominan en las manos o en los pies? ¿Se acompañan de disestesia o alguna otra alteración sensitiva?
Son en ambas manos, bilaterales. Como hormigueo y a veces una sensación extraña, sí, quizás disestesia leve. Sobre todo por la mañana. También he tenido episodios visuales, como escotomas centelleantes, que duran poco.
Escotomas centelleantes... ¿Ha tenido alguna vez amaurosis fugax?
No, solo puntos de luz intermitentes.
Bien. Revisemos sus antecedentes patológicos personales. ¿Sufre de hipertensión arterial, diabetes mellitus tipo 2, dislipidemia mixta, alguna enfermedad coronaria, o quizás antecedentes de ictus isquémico transitorio?
No, doctor. Mi historial es bastante simple. Aparte de una apendicectomía hace muchos años, nada relevante.
¿Antecedentes familiares de migraña compleja, epilepsia, enfermedad desmielinizante, o alguna neoplasia intracraneal?
Mi padre sufría de migrañas fuertes, pero no recuerdo nada más específico.
Necesito realizarle un examen físico completo, con énfasis en la exploración neurológica. Evaluaremos pares craneales, reflejos osteotendinosos, sensibilidad, fuerza, coordinación, presencia de nistagmo o dismetría, y signos meníngeos como rigidez de nuca.
De acuerdo.
Durante el examen, sus pares craneales están íntegros. Reflejos osteotendinosos simétricos, normoactivos. No encuentro Babinski bilateral. La sensibilidad vibratoria y posicional está conservada. No hay dismetría en las pruebas cerebelosas. No hay rigidez de nuca.
Eso es tranquilizador, ¿verdad?
Significa que en este momento no hay signos de un proceso agudo grave evidente en la exploración clínica. No obstante, dado el carácter de la cefalea, la astenia, las parestesias y los fenómenos visuales como los escotomas, debemos considerar un diagnóstico diferencial amplio.
¿Qué tipo de diagnósticos?
Podría tratarse de una migraña crónica compleja, quizás con síntomas atípicos. También hay que descartar procesos más serios, como una neuralgia del trigémino atípica, o incluso etiologías menos comunes como una vasculitis del sistema nervioso central, un proceso expansivo intracraneal, una malformación arteriovenosa, o una enfermedad desmielinizante incipiente.
¿Y cómo descartamos esas posibilidades?
Procederemos con una serie de pruebas complementarias. Inicialmente, una analítica sanguínea completa: hemograma, bioquímica sérica con creatinina y enzimas hepáticas, electrolitos, glucosa, así como marcadores inflamatorios, VSG, PCR, y función tiroidea, TSH, T4 libre. Podríamos incluso solicitar anticuerpos antinucleares.
¿Y después de los análisis?
Si la analítica no revela una causa sistémica clara o inflamatoria, y dada la persistencia de los síntomas neurológicos, la siguiente fase es la neuroimagen. La resonancia magnética nuclear cerebral con contraste paramagnético es fundamental para visualizar el parénquima y descartar lesiones estructurales, procesos tumorales, isquémicos, o desmielinizantes. Podríamos incluso necesitar una angio-RMN para evaluar los vasos intracraneales.
¿Una resonancia? ¿Y si no es concluyente?
Si la RMN no muestra nada y persiste la sospecha clínica, especialmente si hay síntomas que sugieren compromiso del sistema nervioso central, podríamos llegar a considerar una punción lumbar para analizar el líquido cefalorraquídeo. Buscaríamos citología patológica, bandas oligoclonales, marcadores de infección o inflamación. Pero eso sería un paso posterior si las otras pruebas son anodinas.
Entiendo. Y el tratamiento para el dolor ahora mismo, ¿qué recomienda?
Para el alivio sintomático de las crisis de cefalea, inicialmente podemos probar con antiinflamatorios no esteroideos. Si sospechamos que es migraña, podemos utilizar triptanes. Por ejemplo, un comprimido de eletriptán durante la crisis. Pero el tratamiento definitivo o profiláctico dependerá del diagnóstico final.
¿Profiláctico?
Sí, si se confirma un tipo de cefalea crónica o migraña de alta frecuencia, existen fármacos para reducir los episodios. Hay diversas opciones en la escala terapéutica: betabloqueantes como el propranolol, antagonistas de los canales de calcio como la flunarizina, antidepresivos tricíclicos como la amitriptilina, o neuromoduladores como el topiramato o la gabapentina. En casos refractarios, podemos considerar anticuerpos monoclonales anti-CGRP, como fremanezumab o galcanezumab, o incluso inyecciones de onabotulinumtoxinA para migraña crónica.
Es mucha información. Primero las pruebas, entonces.
Exactamente. La analítica nos dará una visión sistémica. La RMN una visión estructural del cerebro. Con esos resultados, tendremos mucha más información para afinar el diagnóstico y establecer el plan terapéutico individualizado más adecuado. Le pediré que se haga los análisis lo antes posible y solicitaré la resonancia. Le llamaremos para una nueva cita en cuanto tenga todos los resultados.
Muchas gracias, doctor.
De nada. La enfermera le dará las solicitudes. Cualquier empeoramiento súbito o aparición de nuevos síntomas neurológicos focales, acuda a urgencias.
Bien, gracias.

","[
  ""cefalea"",
  ""astenia"",
  ""generalizada"",
  ""parestesias"",
  ""hemicraneal"",
  ""holocraneal"",
  ""pulsátil"",
  ""opresivo"",
  ""terebrante"",
  ""retro-orbitaria"",
  ""frontal"",
  ""temporoparietal"",
  ""fotofobia"",
  ""fonofobia"",
  ""náuseas"",
  ""vómitos"",
  ""simétricas"",
  ""bilaterales"",
  ""disestesia"",
  ""escotomas centelleantes"",
  ""amaurosis fugax"",
  ""hipertensión arterial"",
  ""diabetes mellitus tipo 2"",
  ""dislipidemia mixta"",
  ""enfermedad coronaria"",
  ""ictus isquémico transitorio"",
  ""apendicectomía"",
  ""migraña compleja"",
  ""epilepsia"",
  ""enfermedad desmielinizante"",
  ""neoplasia intracraneal"",
  ""pares craneales"",
  ""reflejos osteotendinosos"",
  ""sensibilidad"",
  ""coordinación"",
  ""nistagmo"",
  ""dismetría"",
  ""signos meníngeos"",
  ""rigidez de nuca"",
  ""íntegros"",
  ""normoactivos"",
  ""Babinski bilateral"",
  ""sensibilidad vibratoria"",
  ""sensibilidad posicional"",
  ""pruebas cerebelosas"",
  ""migraña crónica compleja"",
  ""neuralgia del trigémino"",
  ""vasculitis del sistema nervioso central"",
  ""proceso expansivo intracraneal"",
  ""malformación arteriovenosa"",
  ""enfermedad desmielinizante incipiente"",
  ""analítica sanguínea"",
  ""hemograma"",
  ""bioquímica sérica"",
  ""creatinina"",
  ""enzimas hepáticas"",
  ""electrolitos"",
  ""glucosa"",
  ""marcadores inflamatorios"",
  ""VSG"",
  ""PCR"",
  ""función tiroidea"",
  ""TSH"",
  ""T4 libre"",
  ""anticuerpos antinucleares"",
  ""resonancia magnética nuclear cerebral"",
  ""contraste paramagnético"",
  ""parénquima"",
  ""lesiones estructurales"",
  ""procesos tumorales"",
  ""isquémicos"",
  ""angio-RMN"",
  ""punción lumbar"",
  ""líquido cefalorraquídeo"",
  ""citología patológica"",
  ""bandas oligoclonales"",
  ""antiinflamatorios no esteroideos"",
  ""triptanes"",
  ""eletriptán"",
  ""cefalea crónica"",
  ""migraña de alta frecuencia"",
  ""betabloqueantes"",
  ""propranolol"",
  ""antagonistas de los canales de calcio"",
  ""flunarizina"",
  ""antidepresivos tricíclicos"",
  ""amitriptilina"",
  ""neuromoduladores"",
  ""topiramato"",
  ""gabapentina"",
  ""anticuerpos monoclonales anti-CGRP"",
  ""fremanezumab"",
  ""galcanezumab"",
  ""onabotulinumtoxinA"",
  ""migraña crónica""
]
","""Buenos días, adelante."",
""Tome asiento."",
""Cuénteme, ¿qué le trae hoy a la consulta?"",
""Doctor, he estado con una cefalea muy severa y una astenia generalizada desde hace varias semanas."",
""También noto parestesias en las manos."",
""Entiendo."",
""Respecto a la cefalea, ¿podría caracterizarla mejor?"",
""¿Es hemicraneal o más bien holocraneal?"",
""¿Tiene un carácter pulsátil, opresivo o terebrante?"",
""¿Se localiza en la región retroorbitaria, frontal o temporoparietal?"",
""Empieza frontal, pero se extiende a ser holocraneal."",
""Es más opresiva que pulsátil."",
""A veces siento como si tuviera una banda muy apretada alrededor de la cabeza."",
""¿Se asocia a fotofobia, fonofobia, náuseas o vómitos?"",
""¿Ha notado algún desencadenante como ciertos alimentos, olores, cambios de tiempo?"",
""Sí, la luz brillante me molesta mucho."",
""Tengo fotofobia."",
""Y a veces siento náuseas, aunque no he llegado a vomitar."",
""No identifico desencadenantes claros."",
""Mencionó parestesias."",
""¿Son simétricas?"",
""¿Predominan en las manos o en los pies?"",
""¿Se acompañan de disestesia o alguna otra alteración sensitiva?"",
""Son en ambas manos, bilaterales."",
""Como hormigueo y a veces una sensación extraña, sí, quizás disestesia leve, sobre todo por la mañana."",
""También he tenido episodios visuales, como escotomas centelleantes que duran poco."",
""Escotomas centelleantes."",
""¿Ha tenido alguna vez amaurosis fugax?"",
""No, solo puntos de luz intermitentes."",
""Bien."",
""Revisemos sus antecedentes patológicos personales."",
""¿Sufre de hipertensión arterial, diabetes mellitus tipo 2, dislipidemia mixta, alguna enfermedad coronaria o quizás antecedentes de ictus isquémico transitorio?"",
""No, doctor."",
""Mi historial es bastante simple."",
""Aparte de una apendicectomía hace muchos años, nada relevante."",
""¿Antecedentes familiares de migraña compleja, epilepsia, enfermedad desmielinizante o alguna neoplasia intracraneal?"",
""Mi padre sufría de migrañas fuertes, pero no recuerdo nada más específico."",
""Necesito realizarle un examen físico completo, con énfasis en la exploración neurológica."",
""Evaluaremos pares craneales, reflejos osteotendinosos, sensibilidad, fuerza, coordinación, presencia de nistagmo o dismetría y signos meníngeos como rigidez de nuca."",
""De acuerdo."",
""Durante el examen, sus pares craneales están íntegros."",
""Reflejos osteotendinosos simétricos, normoactivos."",
""No encuentro Babinski bilateral."",
""La sensibilidad vibratoria y posicional está conservada."",
""No hay dismetría en las pruebas cerebelosas."",
""No hay rigidez de nuca."",
""Eso es tranquilizador, ¿verdad?"",
""Significa que en este momento no hay signos de un proceso agudo grave evidente en la exploración clínica."",
""No obstante, dado el carácter de la cefalea, la astenia, las parestesias y los fenómenos visuales como los escotomas, debemos considerar un diagnóstico diferencial amplio."",
""¿Qué tipo de diagnósticos?"",
""Podría tratarse de una migraña crónica compleja, quizás con síntomas atípicos."",
""También hay que descartar procesos más serios, como una neuralgia del trigémino atípica, o incluso etiologías menos comunes como una vasculitis del sistema nervioso central, un proceso expansivo intracraneal, una malformación arteriovenosa, o una enfermedad desmielinizante incipiente."",
""¿Y cómo descartamos esas posibilidades?"",
""Procederemos con una serie de pruebas complementarias."",
""Inicialmente, una analítica sanguínea completa: hemograma, bioquímica sérica con creatinina y enzimas hepáticas, electrolitos, glucosa, así como marcadores inflamatorios, VSG, PCR y función tiroidea, TSH, T4 libre."",
""Podríamos incluso solicitar anticuerpos antinucleares."",
""¿Y después de los análisis?"",
""Si la analítica no revela una causa sistémica clara o inflamatoria, y dada la persistencia de los síntomas neurológicos, la siguiente fase es la neuroimagen."",
""La resonancia magnética nuclear cerebral con contraste paramagnético es fundamental para visualizar el parénquima y descartar lesiones estructurales, procesos tumorales, isquémicos o desmielinizantes. Podríamos incluso necesitar una angio-RMN para evaluar los vasos intracraneales."",
""¿Una resonancia?"",
""¿Y si no es concluyente?"",
""Si la RMN no muestra nada y persiste la sospecha clínica especialmente si hay síntomas que sugieren compromiso del sistema nervioso central, podríamos llegar a considerar una punción lumbar para analizar el líquido cefalorraquídeo."",
""Buscaríamos citología patológica, bandas oligoclonales, marcadores de infección o inflamación."",
""Pero eso sería un paso posterior si las otras pruebas son anodinas."",
""Entiendo."",
""¿Y el tratamiento para el dolor ahora mismo?"",
""¿Qué recomienda?"",
""Para el alivio sintomático de las crisis de cefalea, inicialmente podemos probar con antiinflamatorios no esteroideos."",
""Si sospechamos que es migraña, podemos utilizar triptanes. Por ejemplo, un comprimido de eletriptán durante la crisis."",
""Pero el tratamiento definitivo o profiláctico dependerá del diagnóstico final."",
""¿Profiláctico?"",
""Sí, si se confirma un tipo de cefalea crónica o migraña de alta frecuencia, existen fármacos para reducir los episodios."",
""Hay diversas opciones en la escala terapéutica: betabloqueantes como el propranolol, antagonistas de los canales de calcio como la flunarizina, antidepresivos tricíclicos como la amitriptilina, o neuromoduladores como el topiramato o la gabapentina. En casos refractarios, podemos considerar anticuerpos monoclonales anti-CGRP, como fremanezumab o galcanezumab, o incluso inyecciones de onabotulinumtoxinA para migraña crónica."",
""Es mucha información."",
""Primero las pruebas entonces."",
""Exactamente."",
""La analítica nos dará una visión sistémica la RMN una visión estructural del cerebro."",
""Con esos resultados tendremos mucha más información para afinar el diagnóstico y establecer el plan terapéutico individualizado más adecuado."",
""Le pediré que se haga los análisis lo antes posible y solicitaré la resonancia."",
""Le llamaremos para una nueva cita en cuanto tenga todos los resultados."",
""Muchas gracias doctor."",
""De nada."","